{
    "preinit": {
        "position": [
            -1.5556842191517446, -0.011625357258607737, -0.020473969635619548, -1.5002425582083816, 1.4940450362570672, 1.6695930784597817, 0.583289483475292
        ], 
        "name": [
            "iiwa_joint_1", 
            "iiwa_joint_2", 
            "iiwa_joint_3", 
            "iiwa_joint_4", 
            "iiwa_joint_5", 
            "iiwa_joint_6", 
            "iiwa_joint_7"
        ]
    }, 
    "init": {
        "position": [
            -1.551091924095528, 0.7278201345830092, -0.02648208101704163, -0.8733332525797083, 1.2038288140272377, 1.676270029462999, 0.3727285094161926
        ], 
        "name": [
            "iiwa_joint_1", 
            "iiwa_joint_2", 
            "iiwa_joint_3", 
            "iiwa_joint_4", 
            "iiwa_joint_5", 
            "iiwa_joint_6", 
            "iiwa_joint_7"
        ]
    }, 
    "goal": {
        "position": [
            -1.5510936617889646, 0.7200188835999776, -0.16184749662289977, -0.9978720594410538, 1.9978918596240223, 1.6762669136139519, 0.3727284494204996
        ], 
        "name": [
            "iiwa_joint_1", 
            "iiwa_joint_2", 
            "iiwa_joint_3", 
            "iiwa_joint_4", 
            "iiwa_joint_5", 
            "iiwa_joint_6", 
            "iiwa_joint_7"
        ]
    }
}
