{
    "preinit": {
        "position": [
            -1.5750693021925715, 0.037697458034528175, 0.011697622179954249, -1.2510216731344712, 1.4930983782228988, 1.6268505614356292, 0.8285076974196885
        ], 
        "name": [
            "iiwa_joint_1", 
            "iiwa_joint_2", 
            "iiwa_joint_3", 
            "iiwa_joint_4", 
            "iiwa_joint_5", 
            "iiwa_joint_6", 
            "iiwa_joint_7"
        ]
    }, 
    "init": {
        "position": [
            -1.5750626509609582, 0.6258613451504274, 0.011693787255255304, -1.2510397093669612, 1.4930977071438014, 1.6268452883596267, 0.04098005703830045
        ], 
        "name": [
            "iiwa_joint_1", 
            "iiwa_joint_2", 
            "iiwa_joint_3", 
            "iiwa_joint_4", 
            "iiwa_joint_5", 
            "iiwa_joint_6", 
            "iiwa_joint_7"
        ]
    }, 
    "goal": {
        "position": [
            0.9599660421143152, -1.2319496339160079, -0.7212976730211054, -1.7417596305557108, 0.8311784618642459, -1.4373516601621095, -0.0
        ], 
        "name": [
            "iiwa_joint_1", 
            "iiwa_joint_2", 
            "iiwa_joint_3", 
            "iiwa_joint_4", 
            "iiwa_joint_5", 
            "iiwa_joint_6", 
            "iiwa_joint_7"
        ]
    }
}
