{
    "init": {
        "position": [
            -1.6370073524780917, 
            -1.5198590389326299, 
            -0.17250675013247818, 
            -1.400962594692703, 
            0.033200015618613854, 
            -1.4379932864244909, 
            -2.9975501977813357
        ], 
        "name": [
            "iiwa_joint_1", 
            "iiwa_joint_2", 
            "iiwa_joint_3", 
            "iiwa_joint_4", 
            "iiwa_joint_5", 
            "iiwa_joint_6", 
            "iiwa_joint_7"
        ]
    }, 
    "goal": {
        "position": [
            -2.2706334865811275, 
            -1.4328648256031151, 
            -0.4719175569243763, 
            -1.5268977079395212, 
            0.6502234712424633, 
            -1.3264826792761912, 
            -2.9964036521785484
        ], 
        "name": [
            "iiwa_joint_1", 
            "iiwa_joint_2", 
            "iiwa_joint_3", 
            "iiwa_joint_4", 
            "iiwa_joint_5", 
            "iiwa_joint_6", 
            "iiwa_joint_7"
        ]
    }
}