{
    "preinit": {
        "position": [
            0.5307696078595328, -0.8087109406853568, -0.8289147303539757, -1.0, 0.9446165018057933, -1.654209928450296, -0.3987351317792127
        ], 
        "name": [
            "iiwa_joint_1", 
            "iiwa_joint_2", 
            "iiwa_joint_3", 
            "iiwa_joint_4", 
            "iiwa_joint_5", 
            "iiwa_joint_6", 
            "iiwa_joint_7"
        ]
    }, 
    "init": {
        "position": [
            0.5307696078595328, -0.8087109406853568, -0.8289147303539757, -1.8476519903831843, 0.9446165018057933, -1.654209928450296, -0.3987351317792127
        ], 
        "name": [
            "iiwa_joint_1", 
            "iiwa_joint_2", 
            "iiwa_joint_3", 
            "iiwa_joint_4", 
            "iiwa_joint_5", 
            "iiwa_joint_6", 
            "iiwa_joint_7"
        ]
    }, 
    "goal": {
        "position": [
            0.9599660421143152, -1.2319496339160079, -0.7212976730211054, -1.7417596305557108, 0.8311784618642459, -1.4373516601621095, -0.0
        ], 
        "name": [
            "iiwa_joint_1", 
            "iiwa_joint_2", 
            "iiwa_joint_3", 
            "iiwa_joint_4", 
            "iiwa_joint_5", 
            "iiwa_joint_6", 
            "iiwa_joint_7"
        ]
    }
}
