{
    "preinit": {
        "position": [
            -1.5556842191517446, -0.011625357258607737, -0.020473969635619548, -1.5002425582083816, 1.4940450362570672, 1.6695930784597817, 0.583289483475292
        ], 
        "name": [
            "iiwa_joint_1", 
            "iiwa_joint_2", 
            "iiwa_joint_3", 
            "iiwa_joint_4", 
            "iiwa_joint_5", 
            "iiwa_joint_6", 
            "iiwa_joint_7"
        ]
    }, 
    "init": {
        "position": [-1.601099757776293, 0.23286978848422024, -0.03592373282101929, -1.7601794976359955, 1.456285140355729, 1.6949230560747754, 0.05387100838806534], 
        "name": [
            "iiwa_joint_1", 
            "iiwa_joint_2", 
            "iiwa_joint_3", 
            "iiwa_joint_4", 
            "iiwa_joint_5", 
            "iiwa_joint_6", 
            "iiwa_joint_7"
        ]
    }, 
    "goal": {
        "position": [-1.3902875344083907, 0.26090999855559505, 0.10448560338345839, -1.7588571582002837, 1.59342848750586, 1.3789741863876694, 0.04337911910566642], 
        "name": [
            "iiwa_joint_1", 
            "iiwa_joint_2", 
            "iiwa_joint_3", 
            "iiwa_joint_4", 
            "iiwa_joint_5", 
            "iiwa_joint_6", 
            "iiwa_joint_7"
        ]
    }
}
