{
    "preinit": {
        "position": [
            -1.5357197416136028,
            -0.3076993137504882,
            -2.8111328350578466,
             0.8,
            -1.3232181268503673,
            -0.3648214149883531,
            -0.24868565443077628
        ], 
        "name": [
            "iiwa_joint_1", 
            "iiwa_joint_2", 
            "iiwa_joint_3", 
            "iiwa_joint_4", 
            "iiwa_joint_5", 
            "iiwa_joint_6", 
            "iiwa_joint_7"
        ]
    }, 
    "init": {
        "position": [
            -1.5357197416136028,
            -0.3076993137504882,
            -2.8111328350578466,
            1.8160475244719123,
            -1.3232181268503673,
            -0.3648214149883531,
            -0.24868565443077628
        ], 
        "name": [
            "iiwa_joint_1", 
            "iiwa_joint_2", 
            "iiwa_joint_3", 
            "iiwa_joint_4", 
            "iiwa_joint_5", 
            "iiwa_joint_6", 
            "iiwa_joint_7"
        ]
    }, 
    "goal": {
        "position": [
            -1.5357197416136028,
            -0.3076993137504882,
            -2.8111328350578466,
            1.8160475244719123,
            -1.3232181268503673,
            -0.3648214149883531,
            -0.10203972685471197
        ], 
        "name": [
            "iiwa_joint_1", 
            "iiwa_joint_2", 
            "iiwa_joint_3", 
            "iiwa_joint_4", 
            "iiwa_joint_5", 
            "iiwa_joint_6", 
            "iiwa_joint_7"
        ]
    }
}
